,weighted_mean,freq,min,max,std
NN NN ,0.7934864463291239,336443,0.6000135395,0.9626207132,0.09329846055724532
NN NP ,0.821547806246232,1964,0.609073432,0.9626207132,0.07581677579981398
NP NN ,0.8029791960084384,14683,0.6004937734,0.9626207132,0.09936256578138415
NP NP ,0.8282873760403575,6041,0.6004937734,0.9626207132,0.08585031584749858
VVG NN ,0.8171064317553757,61137,0.6023998961,0.9523407787,0.07697068876769615
JJ NNS ,0.8266754265619276,18520,0.6033821557,0.9521725253,0.08125758560909842
NP NNS ,0.8244747390665547,1190,0.6070520568,0.9521725253,0.08518863421744159
JJ NN ,0.8017101441936874,221900,0.6004803915,0.9500927393,0.07622675338509785
JJ NP ,0.8003331625804841,661,0.6040552689,0.9500927393,0.08180756216174219
NN NNS ,0.8315256407905948,33928,0.6001011673,0.9497438162,0.09125550322146853
NN VV ,0.8039707335970311,640,0.6122640979,0.9497410335,0.09089044990778307
VVG NP ,0.8089483989308944,123,0.6569855942,0.9484891049,0.08875787974240414
VV NN ,0.7721465452654589,4554,0.6014730951,0.947974442,0.0937381337787398
VVN NN ,0.8106310695302044,14041,0.6032048511,0.9461683727,0.07690955600142688
NN JJ ,0.7738894057922219,3047,0.6015367663,0.9456687217,0.09877341353487787
VV VV ,0.763200909570707,99,0.6207197967,0.9456687217,0.09888989516132979
VV JJ ,0.7419401102688726,408,0.6084076932,0.9456687217,0.09771512995188994
VVG JJ ,0.7971184909787596,645,0.6195802249,0.9454903384,0.11512644455665749
NN VVG ,0.7952952444811974,7015,0.6024496688,0.9451366039,0.09465521967931215
JJ JJ ,0.7628549147773701,31052,0.6025390221,0.9445519089,0.038533631759640044
NP JJ ,0.7687683068938224,259,0.609559941,0.9445519089,0.08308974324235589
VVD VV ,0.8050480915979167,48,0.6125624684,0.9440143653,0.1133856169422623
VVP VV ,0.8744353810533333,30,0.654395419,0.9440143653,0.07485075549114653
NN RB ,0.7527786876495575,904,0.6145788684,0.9437741661,0.06090942700882276
VVD NN ,0.8165412067793265,861,0.6084318405,0.9420693245,0.08795932975377904
NN VVP ,0.8157323972861313,411,0.6034627095,0.9419782281,0.08705586521741236
JJS NN ,0.8492881613623808,210,0.7249048769,0.9408557137,0.06421392538760995
VVP JJ ,0.8017210468140002,100,0.6136973828,0.9397317025,0.11203031676057403
NN VVZ ,0.7035807347385297,6774,0.6001011673,0.9393547355,0.07847507586157551
VVP NN ,0.826415131263755,996,0.6047761912,0.9393531178,0.09892882178798815
VVG NNS ,0.8396660831348763,3435,0.600877145,0.9391136702,0.08343962378153577
JJ VVG ,0.7911792538926529,2028,0.6013858352,0.9383093011,0.11212925861749853
RB VVG ,0.8197146612232081,586,0.6383538823,0.9383093011,0.0897683131090253
RB VVN ,0.8149412599516592,15639,0.6110108309,0.9378430098,0.05466990898234668
NN VVN ,0.7179222608716981,954,0.6029106196,0.9372180384,0.07701431362671139
NP VVG ,0.811926882876842,190,0.6064459097,0.937023728,0.10841129855935874
VV NP ,0.8379619025091306,230,0.6333661463,0.9366563447,0.08362148559941149
VV NNS ,0.7375144404485643,1219,0.6137311796,0.9365616222,0.06305815664733781
NP VVZ ,0.7495367195724584,541,0.600877145,0.9362415889,0.0700871450900927
NP VVP ,0.8326370734,28,0.7646389959,0.9350423026,0.05880689508749028
RB VVD ,0.8315158102982659,173,0.6110108309,0.9345473165,0.06000380530093377
VVP NNS ,0.7821552385264956,117,0.6180280238,0.9342939768,0.08740531399327893
JJ VVP ,0.887185156378125,64,0.7047281974,0.9340292199,0.05350713516178918
NP VV ,0.7855710898761904,21,0.6448878474,0.9333814304,0.07827446286670697
NN VVD ,0.7800231315058509,564,0.6029106196,0.9331610253,0.0956052846314762
NN NN NNS ,0.7402200382830757,2523,0.6023336288,0.9327699697,0.07570962075113949
NP NP NP ,0.7994482017087055,873,0.6082703232,0.9327699697,0.06798256672234222
NN NN VVZ ,0.6483704591144378,11650,0.602375006,0.9327699697,0.015101679648440385
NNS NN ,0.8032317788138646,3224,0.6057535341,0.9319085174,0.07577051689905816
RB JJ ,0.824510964941449,1532,0.6087103704,0.9318908072,0.07702750376789397
NN IN ,0.8090140679277776,126,0.6153246461,0.9306186347,0.08565720263039901
VV IN ,0.6423845058534884,43,0.6355217885,0.9306186347,0.04447549165442196
RB RB ,0.810982337480814,172,0.6489768294,0.9288777006,0.10339207051313824
VVN RB ,0.7910212001291262,721,0.6150316166,0.9284578868,0.08905776631865871
VVG VV ,0.8612562752333334,18,0.7560455454,0.9281146474,0.04963469755640541
RB VV ,0.793742767168958,1833,0.6119389017,0.926934992,0.06641976863399689
JJ VV ,0.8870760361999999,20,0.7789745364,0.926934992,0.044697518500984905
RB VVP ,0.8305373042352113,71,0.6951023769,0.926934992,0.08193298203273432
VVN NNS ,0.7838518549128801,1118,0.6126838569,0.9261150466,0.07735097245263142
VVG NN NNS ,0.7356696021685345,232,0.6003755915,0.9236384748,0.11866322161220658
JJ NN NNS ,0.7647117733017611,1533,0.6034355548,0.9236384748,0.0740810441343585
NP NPS ,0.8276887100733941,109,0.6019054614,0.923047519,0.11877977642371601
VVP VVG ,0.8010516483658539,41,0.6026511956,0.9227712457,0.07135947429699863
NN NN NN ,0.7326385980206415,21670,0.600044609,0.9221739411,0.0750167916631185
JJ NN NN ,0.7307194625317868,18105,0.600044609,0.9216159544,0.07929866605581783
VVD NN NN ,0.7901739212466666,30,0.6873810413,0.9216159544,0.07798940083339324
RB VVZ ,0.8113955895525385,906,0.6275495956,0.9210883954,0.07868159442990925
JJ VVG NN ,0.7260444997290781,846,0.6070927829,0.9210189768,0.06551051212017617
NN VVG NN ,0.7117144008840895,1697,0.6017617795,0.9210189768,0.058977693903041514
JJR NN ,0.783514372029808,5626,0.6014730951,0.9204913037,0.06131444953416041
VVN VV ,0.7731129137071427,14,0.6298026848,0.9202612398,0.11223694315859747
VVG NN NN ,0.7306268740328125,1152,0.60235951,0.9191425875,0.07166493007474943
VVD NNS ,0.7773574994253966,126,0.6034317817,0.9189659124,0.09416557423134468
NP NN NN ,0.7342305509056769,1603,0.6004320914,0.9186777221,0.07207454265213428
NP NN VVG ,0.8986741342347224,72,0.6526837979,0.9181444879,0.06023380194724112
VV NN NN NNS ,0.6430640468524588,183,0.6075053206,0.9173742208,0.09876295046050935
VV VVG ,0.7537897575209375,640,0.6026511956,0.9169784099,0.08680780982889473
IN NN ,0.7103367013878049,41,0.6010004493,0.9156127617,0.10692824715259479
FW NN ,0.91379315786,5,0.9133382569,0.9156127617,0.0009098019200000085
VVD RB ,0.8086977553707692,65,0.6686551809,0.9154718298,0.08152039827217518
JJ RB ,0.8495682476506071,247,0.765925238,0.9154718298,0.007012155073622451
NNS JJ ,0.8067756939979591,245,0.6025390221,0.9145059198,0.0895223265450262
JJ VVN ,0.7960886225246754,154,0.6477196676,0.9139962783,0.08817214278494521
JJ VVD ,0.8321788864166666,24,0.8194495663,0.9139962783,0.029414410797672496
FW VVP ,0.9133382569,9,0.9133382569,0.9133382569,0.0
VVZ NN ,0.7659298723842176,754,0.6076312628,0.913326433,0.10281540520471656
VVN JJ ,0.8207845612412185,279,0.629631862,0.9128675295,0.07725888809896857
VVD VVG ,0.8138775510694031,134,0.6055441745,0.9127485679,0.03331354293086143
NP VVD ,0.8018975244607144,28,0.6982669006,0.9124678129,0.07787028073593158
NNS NNS ,0.7722267274130655,199,0.6405583865,0.9114537051,0.08620574937546452
VVN NP ,0.8205604756933335,60,0.6298026848,0.9114011901,0.044230912728804236
VVD NP ,0.7827261512,2,0.6540511123,0.9114011901,0.12867503889999998
NNS VVG ,0.7514374972045976,435,0.6064459097,0.911188963,0.06670102427254114
NNS VVP ,0.8060127483570093,214,0.6057535341,0.9104391823,0.07446513750857618
VVD JJ ,0.766596229294633,913,0.6062174888,0.9097871726,0.029712113741475806
VV NN NN ,0.7388344231268656,335,0.604275507,0.9060790885,0.08339239400334099
NP NN NNS ,0.7661378462246028,126,0.6352125781,0.9053274279,0.09412668324448191
JJ NP NP ,0.7943146010609999,100,0.6170149077,0.9052720942,0.06838075845482856
NN SYM ,0.8850005522411765,17,0.8788081773,0.9051257708,0.011163462683655017
NP SYM ,0.9051257707999999,12,0.9051257708,0.9051257708,1.1102230246251565e-16
VVZ RB ,0.8147459183039604,101,0.6080272225,0.8991938343,0.06609431760182094
NNS RB ,0.8387306277426829,164,0.6023416802,0.8991938343,0.07188085280126835
NP RB ,0.8743683402,2,0.8495706893,0.8991659911,0.024797650899999968
VVN NN NNS ,0.7710707776913669,139,0.6612778141,0.8983857322,0.07598281947756827
VVD NN NNS ,0.8258539113166666,12,0.7278330558,0.8983857322,0.04841242958290806
JJ NP NN ,0.7725841190812867,171,0.6504429393,0.8976176488,0.06218850047714259
VVD NP NN ,0.8976176488,1,0.8976176488,0.8976176488,0.0
VVN NP NN ,0.8976176488,1,0.8976176488,0.8976176488,0.0
VVZ NNS ,0.7629992129686046,86,0.7135417407,0.8956686163,0.06678429888454876
VVZ VV ,0.7866727268111109,45,0.6711475759,0.8945945915,0.045126277647671506
VVN JJ NN ,0.7251119161640187,214,0.6353950732,0.894218803,0.06200961510989599
JJ JJ NN ,0.7644603458969701,28318,0.6007665898,0.894218803,0.02758654878885701
NP VVG NN ,0.7213986257646069,178,0.6017617795,0.8937845685,0.0786479956658594
NNS VV ,0.7587976182720001,75,0.6181403455,0.8934368137,0.10012581245893175
VV RB ,0.7444669517566832,404,0.6265428728,0.8934032151,0.09579549684785853
VVP RB ,0.804919259408,50,0.6946679771,0.8934032151,0.04047924126871369
NNS NP ,0.8062545593802721,147,0.6282136367,0.8926613428,0.08009005345758922
VVG VVG ,0.7484764429147058,170,0.6294176302,0.8923720815,0.10034172191393596
NN NNS NP ,0.8699102137000001,38,0.779823869,0.8913458408,0.033239870740750854
NP NNS NP ,0.8913458408,1,0.8913458408,0.8913458408,0.0
NN NNS JJ ,0.75828551941,70,0.6652016847,0.8912341923,0.10181255646352792
NNS NN VVG ,0.8909127077999996,29,0.8909127078,0.8909127078,3.3306690738754696e-16
RBR JJ ,0.8894078072999998,136,0.8894078073,0.8894078073,2.220446049250313e-16
JJR JJ ,0.8431000711944444,54,0.6838272058,0.8894078073,0.08525506566756219
JJ VVZ ,0.8406585600759999,25,0.7936594241,0.8893991712,0.04635350634871566
NP NP NN ,0.7763883421732672,101,0.6111031971,0.889348261,0.08947033399144608
NP VVZ NP ,0.889348261,1,0.889348261,0.889348261,0.0
NP NPS NP ,0.861684457675,4,0.7786930477,0.889348261,0.047915112889492815
NP NPS NN ,0.889348261,1,0.889348261,0.889348261,0.0
VVG IN ,0.8879598411,2,0.8879598411,0.8879598411,0.0
VV NP NN NN ,0.8876304194,16,0.8876304194,0.8876304194,0.0
RB NN ,0.807868233234,50,0.6581443962,0.8872505123,0.08877773816729617
VVN VVP ,0.7582064758921053,38,0.6125624684,0.8837122819,0.10660802466970014
VVZ NP ,0.8003002775588234,17,0.7097438114,0.8836848493,0.07630345262664917
VVG RB ,0.7806740849770115,87,0.6843470452,0.8835255253,0.06386994003123479
NN NN VVP ,0.7271001949166666,36,0.6290752647,0.8834996736,0.09864698998921165
IN VVN ,0.882891216,2,0.882891216,0.882891216,0.0
NN NPS ,0.8827051392,1,0.8827051392,0.8827051392,0.0
JJS NN NN ,0.8301459798886794,53,0.8049149185,0.8788937791,0.030854916602442838
NNS SYM ,0.8788081773000002,3,0.8788081773,0.8788081773,1.1102230246251565e-16
JJ NN NP ,0.7323268211450381,262,0.6545347934,0.8780883493,0.06081573177669705
NP NN NP ,0.84666070813125,16,0.6335190454,0.8780883493,0.06235109790002991
NP NP NP NP ,0.7509571425378788,66,0.6032058688,0.8780136206,0.10069361597633053
NN JJ NN NN ,0.7637754046347823,92,0.60731179,0.8780136206,0.09700799747747042
VVZ JJ ,0.7248142288760683,117,0.6080272225,0.8778158976,0.10222379555920465
VVN VVG ,0.8101030387526882,93,0.7002878917,0.8766814095,0.03239857669252703
JJR NNS ,0.7267794282273633,201,0.6226838195,0.8764480769,0.10152588286026396
NP IN ,0.876438715,1,0.876438715,0.876438715,0.0
VV VVG NNS ,0.7685925100272727,22,0.6936517252,0.8745902513,0.08829294448067566
NN VVG NNS ,0.7773503162621951,82,0.6212090176,0.8745902513,0.06480899092057278
VVN NN NN ,0.7584722101777592,598,0.6103942593,0.874516052,0.06765698105203385
NN NN VVG ,0.7448760171461685,522,0.6088271822,0.8739260849,0.07780926350249115
JJ NN NN NN ,0.7007052908771338,1277,0.6010916523,0.8704086719,0.050000226010605366
FW FW NN ,0.8702767529,11,0.8702767529,0.8702767529,0.0
NN FW NN ,0.8702767529,2,0.8702767529,0.8702767529,0.0
VVD NN JJ ,0.8699127162,1,0.8699127162,0.8699127162,0.0
VVN NP NP ,0.8699127162,1,0.8699127162,0.8699127162,0.0
NP NP JJ ,0.80518606504,5,0.7861851411,0.8699127162,0.03246141446922178
JJ NN JJ ,0.7539753454489361,188,0.6729731751,0.869680969,0.06860288875667432
NP NN JJ ,0.76579548135,6,0.6787393932,0.869680969,0.07935667360563017
NN VVN NN ,0.7683157376361539,130,0.6378777824,0.8695865888,0.08500894049192155
NN NN NP ,0.7166610026319278,166,0.6130503329,0.8689723159,0.05873111004805401
NP JJ NN ,0.7456465463112995,177,0.6101197856,0.8687935026,0.07485133323692685
VVP NN NN ,0.6785947371169493,59,0.6157540824,0.868430942,0.07299718382917428
JJ VVN NN ,0.8076448330065041,123,0.6453009515,0.8648409254,0.06252605686801307
VV NN VVG ,0.8644998293,2,0.8644998293,0.8644998293,0.0
VVZ NN NN ,0.7390765552180854,94,0.6550401873,0.8624987428,0.06113988855894345
NNS NN NN ,0.7149830545318426,559,0.609224654,0.8624987428,0.05750395038389694
NN NN JJ ,0.7366811410144067,236,0.6052296569,0.8614675195,0.04498148512814516
NNS NN VVP ,0.8614094122,1,0.8614094122,0.8614094122,0.0
JJ NN VVZ ,0.6738236250915423,201,0.6034355548,0.8600543547,0.06417190512114809
NN NP NP ,0.7797636198142858,21,0.6950741465,0.8599121705,0.03578550405048076
VV JJ NN ,0.7108515110504204,119,0.631258517,0.8589904678,0.0806599789595967
JJ NN VVG ,0.7496499246313253,166,0.6047819127,0.8572573162,0.06202773877227977
NP VVN NN ,0.8569235237000001,10,0.8569235237,0.8569235237,1.1102230246251565e-16
VVN JJ NNS ,0.76030215204,5,0.6975421123,0.856403532,0.0592382483658541
VVD JJ NNS ,0.765232576207971,414,0.6464270871,0.856403532,0.02715213578252923
JJ JJ NNS ,0.7529943982613964,1461,0.6170149077,0.856403532,0.03850366892633471
VV DT ,0.8557572756,9,0.8557572756,0.8557572756,0.0
RBR DT ,0.8557572756,4,0.8557572756,0.8557572756,0.0
JJR PDT ,0.8557572756,2,0.8557572756,0.8557572756,0.0
VV PDT ,0.8557572756,1,0.8557572756,0.8557572756,0.0
JJR DT ,0.8557572756,1,0.8557572756,0.8557572756,0.0
JJ NNS NP ,0.8152862186261903,42,0.7574018052,0.8555611643,0.036106244021215976
RB NNS ,0.7919109930222221,9,0.6275495956,0.853101409,0.09006782980536412
NP VVN ,0.7993656216444445,18,0.7022458942,0.8527754038,0.044471724612498736
NNS VVP JJ ,0.8511867615999998,12,0.8511867616,0.8511867616,1.1102230246251565e-16
JJ NP NN NN ,0.8501833956000001,14,0.8501833956,0.8501833956,1.1102230246251565e-16
FW FW ,0.800467620480392,51,0.7682091528,0.8495706893,0.03055296051025032
JJ VVG NNS ,0.8472313202,6,0.8398625687,0.8487050705,0.0032954058526607133
NN JJR ,0.7255636704,3,0.6644806646,0.847729682,0.08638441523287442
VVN IN ,0.7155305742091742,218,0.6475612279,0.8472394154,0.03008971180078117
VVG NN JJ ,0.8451297997222222,18,0.8127157675,0.8470365075,0.007861557564964521
VVG VV JJ ,0.8470365075,2,0.8470365075,0.8470365075,0.0
RB VVN NN ,0.7353434146873683,95,0.6625567274,0.8458860473,0.064317446127587
JJ JJ NN NNS JJ ,0.845527026,4,0.845527026,0.845527026,0.0
RB JJ NN NNS JJ ,0.845527026,24,0.845527026,0.845527026,0.0
NN JJ NN ,0.7048319787906685,1511,0.6101197856,0.8417392234,0.05765525595953892
NP JJ NP ,0.82283702365,8,0.8039348239,0.8417392234,0.01890219974999996
NP VVD NP ,0.8417392234,2,0.8417392234,0.8417392234,0.0
VV NN NNS ,0.6719865025458016,131,0.6074406429,0.8408592732,0.059171404626031314
JJ NN VVG NN ,0.6793168445479998,100,0.6004614611,0.8407172531,0.062146267581485115
NN NNS NN ,0.7060705380460095,213,0.6295441589,0.8401788727,0.06182714068878701
NN NNS VVP ,0.7161998616999999,14,0.6486949741,0.8401788727,0.06189071041598053
JJ VVP VV ,0.8375907742,1,0.8375907742,0.8375907742,0.0
JJ NNS NN ,0.7273191039572577,124,0.6472496724,0.8360850792,0.04581700575243863
NN VVZ NNS ,0.7685217266222222,9,0.7492179116,0.8360850792,0.03611413103540778
NN VVZ NN ,0.7196091721085712,35,0.6873935804,0.8360850792,0.04452662553452812
JJ NNS NNS ,0.8360850792,1,0.8360850792,0.8360850792,0.0
VVP NNS NNS ,0.8360850792,1,0.8360850792,0.8360850792,0.0
RB VVP NNS ,0.8353914449000001,13,0.8353914449,0.8353914449,1.1102230246251565e-16
RB VV NNS ,0.8353914449,4,0.8353914449,0.8353914449,0.0
VVG NN VVP NN ,0.8335066162999999,12,0.8335066163,0.8335066163,1.1102230246251565e-16
VVG NP NP NP ,0.8335066163,1,0.8335066163,0.8335066163,0.0
VVP NP ,0.77040034104,5,0.6054151376,0.8332218199,0.0847196552348975
VVG VVZ ,0.7316685760083333,12,0.7048246366,0.8311888922,0.04190591012732402
RB JJ NN ,0.7232696962138889,72,0.6098962587,0.8291550504,0.06927287879906542
RB VVN NN NNS ,0.8286670731,2,0.8286670731,0.8286670731,0.0
JJ VVG NP ,0.8283630711,1,0.8283630711,0.8283630711,0.0
NN FW ,0.8283560879999999,5,0.828356088,0.828356088,1.1102230246251565e-16
NP FW ,0.828356088,1,0.828356088,0.828356088,0.0
VV VVN ,0.7611079305775,40,0.6286107132,0.8278630447,0.05011559085678507
RB VVG JJ NN ,0.8277087886,79,0.8277087886,0.8277087886,0.0
RB VVG VVG ,0.826880245,15,0.826880245,0.826880245,0.0
NN NN JJ NN ,0.6709565195867246,806,0.6252017859,0.8258265768,0.00873934533005371
VVN VVD ,0.8258172296,4,0.8258172296,0.8258172296,0.0
VVD VVN ,0.8238059362666666,3,0.8228002896,0.8258172296,0.0014221991549553323
NN VVG NN NN ,0.684831411764706,17,0.6147809319,0.8254587132,0.09178936918649855
JJ VVG NN NN ,0.6808458559,33,0.6136577735,0.8254587132,0.07383430008408186
VVP VVG NNS ,0.754824924225,4,0.7139022565,0.8245028822,0.041662680902630034
NN JJ NN NNS ,0.8097065641703706,27,0.7998452297,0.8240503234,0.011893216861969626
JJ NN NN NN NN VVG ,0.7902470117061223,49,0.7003767236,0.8227001713,0.054005321984557625
NN NN IN ,0.8220870022,3,0.8220870022,0.8220870022,0.0
NN NN VV ,0.6733276945714286,14,0.6150967653,0.8220870022,0.052742160869569746
RB VVN NNS ,0.802271484326214,103,0.702218271,0.8220494451,0.04448425034163368
RB JJ NNS ,0.8220494451,2,0.8220494451,0.8220494451,0.0
NN VV NN ,0.80267429666,10,0.7349276211,0.8216245465,0.034206845199671855
NN VVP NN ,0.72563181657,20,0.6906847127,0.8216245465,0.056239502995464666
NNS RBR ,0.8216023165,16,0.8216023165,0.8216023165,0.0
RB VVN JJ NN ,0.7946025764140451,178,0.6375325308,0.8212301131,0.056230538238355283
RB VVD JJ NN ,0.8212301131,3,0.8212301131,0.8212301131,0.0
VVG JJ NN ,0.6352750362250189,1323,0.6073895228,0.8206607481,0.05878304898520765
NP NN VVZ ,0.7516022241380281,71,0.602375006,0.8204289924,0.08057712248566795
JJ NN NN NP ,0.7159454355044641,112,0.6010916523,0.8184128754,0.04813716224750051
JJ NN NN JJ ,0.7515657833959998,50,0.6482460508,0.8184128754,0.026299035039624788
VVD JJ NN ,0.7521235009808641,486,0.6353950732,0.8155199901,0.03973013330630127
VV VVZ ,0.8149173027,1,0.8149173027,0.8149173027,0.0
NN VVD NN ,0.73704073305,32,0.6379819948,0.8146487247,0.07824416119009556
JJ NN VVD NN NN NN ,0.8136898691,16,0.8136898691,0.8136898691,0.0
JJ NN VVN ,0.8019139090147057,34,0.6817848802,0.8135392989,0.037370400004718786
`` `` ,0.8122815569,12,0.8122815569,0.8122815569,0.0
RB VVD NN ,0.7639794751,2,0.7162250733,0.8117338769,0.04775440180000001
NNS VVN ,0.7034061990314242,646,0.6081726601,0.8111175383,0.05844855145297259
NN NN NN NNS ,0.6847821487072462,138,0.6043050669,0.8107152249,0.077739101344549
NN NN NNS NN ,0.6445213522780645,155,0.6152737702,0.810544152,0.043758381565546414
NN NN NNS NP ,0.810544152,16,0.810544152,0.810544152,0.0
NP NN NN NN ,0.7401118253253886,193,0.6234668258,0.8104844987,0.077987048781748
NN NN NN NN ,0.6858282139929305,1754,0.6018659311,0.8094454777,0.058076195382259416
VVG NNS NN NN ,0.8087490087999998,14,0.8087490088,0.8087490088,2.220446049250313e-16
JJ NNS VVG ,0.8086312155,18,0.8086312155,0.8086312155,0.0
JJ NP JJ ,0.76866777005,2,0.7289061886,0.8084293515,0.03976158144999997
JJ JJ NN NN ,0.6916922250779614,2178,0.6065902542,0.8072602286,0.03310940653723421
JJ PDT ,0.8070845163,1,0.8070845163,0.8070845163,0.0
JJ JJ NP ,0.8063018886,16,0.8039348239,0.8066400407,0.0008946663619142148
JJ NN NNS JJ ,0.8064104035,64,0.8064104035,0.8064104035,0.0
VV VV NN ,0.7811133972000001,5,0.7598013414,0.8055158989,0.02011516335865801
NP VVD JJ NN ,0.7193541181464286,28,0.6383548645,0.8051621047,0.06283191555112562
VVZ VVG ,0.7425816594333333,24,0.6437556646,0.8051378114,0.0754282463527416
NP NN VVN NN ,0.8046472572,1,0.8046472572,0.8046472572,0.0
VV VVG NN ,0.7160850004325153,163,0.6263672822,0.8038586251,0.03910385697405651
VVP JJ NN ,0.7442602299999999,29,0.6231312851,0.8036384509,0.06264295502343922
JJ NP NP NP ,0.6123128307227272,22,0.6032058688,0.8035590311,0.04173334236197831
VVG JJ NNS ,0.7757228743376815,69,0.7082253562,0.8031596625,0.0331854553842565
NN JJ JJ NNS ,0.8024672838000001,6,0.8024672838,0.8024672838,1.1102230246251565e-16
VVG NN NN NN ,0.6947965865239317,117,0.603325939,0.8017552241,0.07436084747570838
RBR VVG ,0.7152066581333333,3,0.6218163151,0.8009578347,0.07333343330013663
NNS JJ NN ,0.7166880274387756,98,0.7025459855,0.8000143962,0.030678213910268818
VVP VVG NN ,0.764956123575,4,0.6920546746,0.7999421615,0.04407734165344783
VVG VVG NN ,0.7261014874153844,13,0.60235951,0.7985342956,0.07819286498568423
VVP NN NNS ,0.7969510377,3,0.7969510377,0.7969510377,0.0
JJR VVP ,0.7754002369,5,0.7500611377,0.7939307056,0.01671841639716088
VV NN RB ,0.7938890678,11,0.7938890678,0.7938890678,0.0
NPS NP ,0.7825131975999999,2,0.7713904441,0.7936359511,0.011122753499999971
JJ NN NP NN NN ,0.7928444318,12,0.7928444318,0.7928444318,0.0
NNS NNS VVP ,0.7927269235,8,0.7927269235,0.7927269235,0.0
NNS NNS NN ,0.7927269235,2,0.7927269235,0.7927269235,0.0
JJ NN VV ,0.7046998156071427,14,0.6979718665,0.792163154,0.024257965484515746
RB VVG NN ,0.7814801587294118,17,0.7196765797,0.7921616546,0.02167818608357721
NN NN NN VV ,0.7562831993166667,12,0.7311322499,0.7914945285,0.029759004673940548
VVN NN NP ,0.7910633968,1,0.7910633968,0.7910633968,0.0
VVZ VVG NN ,0.6818029732685185,54,0.6314613244,0.7909747701,0.05069745216513105
NNS VVG NN ,0.7183781836834484,145,0.6065261561,0.7909747701,0.0630327356827624
NN NN NN JJ ,0.6964661800826086,46,0.6018659311,0.7908338031,0.060766933175816745
NN NN NN NP ,0.6915194415279413,68,0.6018659311,0.7908338031,0.04189188764132882
IN VVG ,0.7894974014,2,0.7894974014,0.7894974014,0.0
VVG NN NN NNS ,0.7678541431603774,53,0.7339289186,0.7892362645,0.024237501093559287
NP VVD NN ,0.7401913972999999,3,0.7162250733,0.7881240453,0.03389350044102783
VV NNS NN ,0.7868347026,18,0.7868347026,0.7868347026,0.0
VVP NNS NN ,0.7868347025999999,3,0.7868347026,0.7868347026,1.1102230246251565e-16
NP NN VVN ,0.786607851,1,0.786607851,0.786607851,0.0
NN JJ JJ NN ,0.6400755027856968,1636,0.6164545911,0.786140835,0.01554354290514522
NP NN JJ NN ,0.690700006875,8,0.6347798299,0.7860171504,0.05698351632128293
JJ NN JJ NN ,0.6361913386582323,1731,0.6146079492,0.7860171504,0.02523064001236423
NP NN NN NNS ,0.7849531074,1,0.7849531074,0.7849531074,0.0
JJ NN VVP ,0.6585408111600001,5,0.6087680276,0.7846704118,0.06376434841787272
VVG NN NP ,0.7387986589375,16,0.7358832969,0.7825290895,0.011291148619402825
NN NP NNS ,0.7825246351,5,0.7825246351,0.7825246351,0.0
NP NP NNS ,0.7825246351,11,0.7825246351,0.7825246351,0.0
NP NP VVZ ,0.7825246351,1,0.7825246351,0.7825246351,0.0
RBR NN ,0.7822250545,1,0.7822250545,0.7822250545,0.0
JJ NN RB ,0.7808030387000001,12,0.7808030387,0.7808030387,1.1102230246251565e-16
NP VVG NNS ,0.6837160831428573,7,0.6452524958,0.7798750515,0.0608162714921262
NN VVZ NP ,0.7713708340700001,10,0.7516470859,0.779823869,0.012912224139610268
VVP JJ NN NN ,0.7120183226285715,7,0.7009730617,0.7782898882,0.027055253350899526
VV JJ NN NN ,0.7267449718444445,27,0.6411715244,0.7782898882,0.044490010045074406
NN JJ NNS ,0.7433989381763161,38,0.6696323833,0.7764388939,0.03839672171740963
NN VVN NNS ,0.7599030505666668,48,0.7446900747,0.7764388939,0.01586062374451207
NN VVD NNS ,0.770262477575,4,0.7517332286,0.7764388939,0.010697866883597829
VVP NP NP ,0.7761870247,1,0.7761870247,0.7761870247,0.0
VV NP NNS ,0.7413014951807692,52,0.6927479796,0.7756631863,0.0360307333741059
VVP NP NNS ,0.7756631863,16,0.7756631863,0.7756631863,0.0
JJ FW FW ,0.7754751907,3,0.7754751907,0.7754751907,0.0
NP NP FW ,0.7754751907,1,0.7754751907,0.7754751907,0.0
NP NN NN NN CD ,0.740192031775,44,0.6399056446,0.7736208275,0.05790037263154131
NP NN NN NN NP ,0.7736208275,1,0.7736208275,0.7736208275,0.0
SYM SYM ,0.7722209984,11,0.7722209984,0.7722209984,0.0
NN NN NN NN NN ,0.6997340506740459,262,0.6108926064,0.771441045,0.04913157674715206
RBR VV ,0.7694973863374999,8,0.7692038661,0.7695393178,0.00011094022188420872
NP NNS NN ,0.7689736053,1,0.7689736053,0.7689736053,0.0
NN NN NN VVP ,0.7685612575,4,0.7685612575,0.7685612575,0.0
JJ JJ JJ ,0.6922125299266665,30,0.6729731751,0.7670022512,0.03186560521331106
IN VVG NN ,0.7666494583,1,0.7666494583,0.7666494583,0.0
VVG NN NN NN NN VVZ ,0.7660223387999998,23,0.7660223388,0.7660223388,2.220446049250313e-16
VVN NN VV ,0.7658519758,2,0.7658519758,0.7658519758,0.0
NN NP NN ,0.7137049741290327,31,0.642596433,0.7645903225,0.05676404803663781
JJ NN NN VVG ,0.7572998833,32,0.7518183093,0.7643476213,0.006215520684513225
JJ JJ NN VVG ,0.7640838387999999,114,0.7640838388,0.7640838388,1.1102230246251565e-16
VVD JJ NN VVG ,0.7640838388,3,0.7640838388,0.7640838388,0.0
NNS VVD ,0.7079939787361111,144,0.6081726601,0.7627616172,0.04293440860507017
VV NN VVN ,0.7605567550933332,15,0.7401065756,0.7620174822,0.005465540368720247
VVG NN NN NN NP ,0.7605081358,4,0.7605081358,0.7605081358,0.0
VVG NN NN NN NN ,0.7605081358,2,0.7605081358,0.7605081358,0.0
VVG NN NN NN JJ ,0.7605081358,4,0.7605081358,0.7605081358,0.0
NP NN RB VVG ,0.7602815633999997,14,0.7602815634,0.7602815634,2.220446049250313e-16
NN RB VVG ,0.7355137759706898,58,0.6793147028,0.7588158307,0.03618775868660464
NN JJ VVG ,0.7588158307,8,0.7588158307,0.7588158307,0.0
RB IN ,0.70391039425,8,0.6960711476,0.7587851208,0.020740697101996216
VVD NN VVD JJ ,0.7583127288,3,0.7583127288,0.7583127288,0.0
VVN NN JJ NN ,0.7074608412000001,4,0.6566089536,0.7583127288,0.05085188759999998
JJ NN VVD JJ ,0.7583127288,1,0.7583127288,0.7583127288,0.0
JJ NN VVN NN ,0.7583127288,4,0.7583127288,0.7583127288,0.0
JJ NN VVN JJ ,0.7583127288,1,0.7583127288,0.7583127288,0.0
VVN NN VVN JJ ,0.7583127288,1,0.7583127288,0.7583127288,0.0
VVD NN JJ NN ,0.7583127288,1,0.7583127288,0.7583127288,0.0
NP NP NPS ,0.6795610180375,8,0.6068214086,0.7582987251,0.037908893235020176
NN CD ,0.6121062128074441,403,0.6057031535,0.7576020344,0.01818078160915484
NP CD ,0.6115357484984616,195,0.6006312225,0.7576020344,0.02464603215185892
NP NN NN NP ,0.7574259731,10,0.7574259731,0.7574259731,0.0
VV JJR ,0.7567774365000001,14,0.7567774365,0.7567774365,1.1102230246251565e-16
VVP JJR ,0.7567774365,1,0.7567774365,0.7567774365,0.0
NN NN NN NN NN NN ,0.6846673544,278,0.6119659803,0.7564042308,0.03967655768710574
IN NNS ,0.7442792954749999,4,0.7362356923,0.7555117046,0.00699912152490636
RB VVP NP ,0.7545600220999998,12,0.7545600221,0.7545600221,1.1102230246251565e-16
JJ NN NN NNS ,0.7034042387596154,52,0.6611746317,0.7530481034,0.040935245684367676
JJ NN NNS NP NN ,0.7527361716999998,10,0.7527361717,0.7527361717,1.1102230246251565e-16
NN IN NN NNS ,0.7523332867,24,0.7523332867,0.7523332867,0.0
NN IN NP NP ,0.6550572541833332,12,0.6462139785,0.7523332867,0.029329827359290437
NN VVZ JJ ,0.7512733667769231,13,0.7492179116,0.7516470859,0.0008764490323136972
JJ VVN NN CD ,0.7516196333,11,0.7516196333,0.7516196333,0.0
VVG NNS NN ,0.7495457941999999,21,0.7495457942,0.7495457942,1.1102230246251565e-16
NN NNS NNS ,0.7492179116,5,0.7492179116,0.7492179116,0.0
NN NN VVG NN ,0.6866267736198112,106,0.6239406621,0.7491502924,0.03786967563080854
NP NN NN CD ,0.7399056607533333,15,0.6219900917,0.7483282014,0.03151426142600411
RB VVG JJ ,0.7473552222426828,82,0.7340856923,0.7475190436,0.0014743922158536593
NN JJR NN ,0.6791987077201923,104,0.6000145518,0.7472247119,0.06717012098241798
JJ NN NNS NP ,0.7459388957,14,0.7459388957,0.7459388957,0.0
NNS VVP NN ,0.744916574,9,0.744916574,0.744916574,0.0
VVG VVN ,0.6450222229571427,14,0.6284169906,0.7446536171,0.04067434633535276
JJR NN NN ,0.6669589664329897,291,0.6009405014,0.7442857626,0.033158697729762196
JJR NN IN ,0.7442857626,2,0.7442857626,0.7442857626,0.0
VVN JJ NN JJ ,0.7433717887000001,46,0.7433717887,0.7433717887,1.1102230246251565e-16
VVN JJ NN NN ,0.6874156133875,24,0.6849827362,0.7433717887,0.011667669108160875
JJ JJ NN NN JJ ,0.7433120258,22,0.7433120258,0.7433120258,0.0
NP NN NN NN NN NN ,0.6826269236513514,37,0.6631943298,0.7430838823,0.034275873773065686
NP JJ NN NN NN NN ,0.6923378076833333,6,0.6631943298,0.7430838823,0.03592688693685269
JJ NNS JJ ,0.7430486817,12,0.7430486817,0.7430486817,0.0
RB VVN JJ ,0.654890145778344,157,0.6420688676,0.7427159013,0.033556496282633234
VVD NN NN NN ,0.7421378492,17,0.7421378492,0.7421378492,0.0
VVN NN NN NN ,0.7041603174375001,96,0.6313723711,0.7421378492,0.030605353780317507
VVG JJ JJ NN ,0.7391088229999999,65,0.7352810357,0.7416606812,0.0031253752429685326
NN NN VVD ,0.6895635096500001,32,0.6160972017,0.7401065756,0.05493699701617542
NN NN VVN ,0.6294050763242425,33,0.6160972017,0.7401065756,0.03155221058933296
NP NN VVD ,0.7401065756,2,0.7401065756,0.7401065756,0.0
NN JJ JJ JJ ,0.7396255600999999,34,0.7396255601,0.7396255601,1.1102230246251565e-16
NP JJ JJ JJ ,0.7396255601,3,0.7396255601,0.7396255601,0.0
NN VVG JJ ,0.699366850957143,7,0.6612191979,0.7393119078,0.03478615891332066
NP JJ NNS ,0.72063622284,5,0.7082253562,0.7392525228,0.01520014526686493
VVG NN VVZ ,0.6820254183559998,25,0.6296670401,0.7387469948,0.05449632790135103
VVZ JJ NN ,0.7158523080500001,22,0.6938499046,0.7378547115,0.022002403450000037
JJ JJ NNS VVG ,0.7372673714,18,0.7372673714,0.7372673714,0.0
VVD JJ NNS VVG ,0.7372673714,2,0.7372673714,0.7372673714,0.0
VV VVN NN ,0.6629113514909093,11,0.6378777824,0.7370845122,0.03662985386071346
NN NN NN NN JJ ,0.7213374753166666,12,0.6431626349,0.7370496816,0.034961491356645565
IN NN NN ,0.7359739858,1,0.7359739858,0.7359739858,0.0
VV JJ NNS ,0.6576676479758063,62,0.622926039,0.735066832,0.03200492850353704
VVP JJ NNS ,0.6902105148000001,10,0.622926039,0.735066832,0.05493754444021433
JJ VVP NN ,0.7349276210999999,7,0.7349276211,0.7349276211,1.1102230246251565e-16
JJ VVG JJ ,0.6817035346999999,14,0.6729731751,0.7340856923,0.02138492629100865
NN VVG VVG NN ,0.7337092918,34,0.7337092918,0.7337092918,0.0
NP VVG VVG NN ,0.7337092918,1,0.7337092918,0.7337092918,0.0
VVZ NN NNS ,0.7326448643999999,105,0.7326448644,0.7326448644,1.1102230246251565e-16
VVN NN NP NP ,0.7323639453,1,0.7323639453,0.7323639453,0.0
JJ NN NN VV ,0.7270328116,3,0.718833935,0.7311322499,0.005797481241971702
JJ JJ NN VVZ ,0.7309399540999998,37,0.7309399541,0.7309399541,2.220446049250313e-16
RB VVN RB ,0.7296930127000001,10,0.7296930127,0.7296930127,1.1102230246251565e-16
RB VVZ NN ,0.7287501038,12,0.7287501038,0.7287501038,0.0
RB VVG JJ NN CD ,0.7283802466,40,0.7283802466,0.7283802466,0.0
RB VVG JJ NN RB ,0.7283802466,1,0.7283802466,0.7283802466,0.0
RB VVN JJ NN NNS ,0.7264235450000001,11,0.726423545,0.726423545,1.1102230246251565e-16
JJ NN NN NN VVZ ,0.69666981466,10,0.6521292097,0.7263635513,0.0363672516622925
JJ NN NN NN NNS ,0.6808993811333334,6,0.6521292097,0.7263635513,0.03252385343587864
JJ NNS NN NN NNS ,0.6892463804999999,6,0.6521292097,0.7263635513,0.03711717079999999
JJ NNS NN NN VVZ ,0.7016187707666667,3,0.6521292097,0.7263635513,0.03499440422818574
JJ NN NNS NN ,0.68810956418,40,0.6311794607,0.7260629665,0.046483234843281665
JJ JJ JJ NN ,0.6871384656128492,179,0.6129043407,0.7258320921,0.030699390944002744
JJ NN NN NP CD ,0.7256426750999999,20,0.7256426751,0.7256426751,1.1102230246251565e-16
RB VVN NN NN ,0.7243852137999999,12,0.7243852138,0.7243852138,1.1102230246251565e-16
VVG JJ NN NN ,0.6892267152133332,255,0.614501212,0.7228646076,0.019233210575184432
JJR VVG ,0.6362491021714287,14,0.6218163151,0.7228458246,0.03535296389123795
VVG NN NN JJ JJ NN ,0.7223567650000002,22,0.722356765,0.722356765,2.220446049250313e-16
NP NN NN JJ JJ NN ,0.7128970616399999,5,0.7105321358,0.722356765,0.004729851680000019
JJ JJ NN JJ NN ,0.7158150222999999,16,0.7100548382,0.7215752064,0.005760184099999954
NN NN JJ JJ NN ,0.7148598880898104,844,0.7039093392,0.7205620658,0.007902023525263552
NP NN VVD JJ NN ,0.7160204130909091,11,0.7039093392,0.7205620658,0.007416487817467768
NN NN JJ NNS ,0.7202916397,8,0.7202916397,0.7202916397,0.0
NN NNS NN NN ,0.6946553332272726,44,0.6142823667,0.7173107832,0.037723167926734344
JJ NN NN NNS VVP ,0.7172916167,11,0.7172916167,0.7172916167,0.0
VVN JJ NN JJ NN ,0.7141798103,42,0.7141798103,0.7141798103,0.0
NN JJ NP ,0.6631600133485717,70,0.6023910385,0.7121065492,0.04294410861776856
JJ NN NN NN NN ,0.6692282984999999,580,0.6009815415,0.711524573,0.018965576710120485
JJ NN NN JJ JJ NN ,0.6865697439702131,47,0.6401426098,0.7105321358,0.033354237819514625
NNS CC NNS VVP ,0.7102941207,3,0.7102941207,0.7102941207,0.0
NNS CC NNS NN ,0.7102941207000001,12,0.7102941207,0.7102941207,1.1102230246251565e-16
VVD JJ NN JJ NN ,0.7100548382,3,0.7100548382,0.7100548382,0.0
VVD JJ NN NN ,0.67027293457,10,0.6111282714,0.7097696246,0.031779666188045355
JJ NNS VVP ,0.6934942667925926,27,0.6493942542,0.7089292712,0.026089919293347585
VVG NP NP ,0.7078925672,8,0.7078925672,0.7078925672,0.0
JJ JJ NN JJ ,0.7077858115,201,0.7077858115,0.7077858115,0.0
VVD JJ NN JJ ,0.7077858115,5,0.7077858115,0.7077858115,0.0
VVN JJ NN JJ NN CD ,0.7077522975,10,0.7077522975,0.7077522975,0.0
NN NN JJ NP ,0.7047898241,3,0.7047898241,0.7047898241,0.0
VV NN JJ JJ NN ,0.7039093392,6,0.7039093392,0.7039093392,0.0
NN VVG CC VVG ,0.7027218427000002,14,0.7027218427,0.7027218427,1.1102230246251565e-16
NNS VVD NN ,0.7025459855,2,0.7025459855,0.7025459855,0.0
NP NP JJ NN ,0.7024582245,11,0.7024582245,0.7024582245,0.0
JJ NN NNS CD ,0.7019323031,8,0.7019323031,0.7019323031,0.0
JJ NN NNS RB ,0.7019323031,3,0.7019323031,0.7019323031,0.0
NN JJ NN NN NN ,0.69033924595,4,0.6557207659,0.7018787393,0.01998698877580321
NN VVD JJ NN ,0.6411586396254902,51,0.6164545911,0.7014783391,0.01875303016278939
JJ NN NN JJ NN ,0.7011544893000002,59,0.7011544893,0.7011544893,2.220446049250313e-16
NP NN NN JJ NN ,0.6745590868666667,3,0.621368282,0.7011544893,0.037611578817990404
VVN NN VVN ,0.7005535199999999,31,0.70055352,0.70055352,1.1102230246251565e-16
JJ NNS RB ,0.6987538561000002,26,0.6987538561,0.6987538561,2.220446049250313e-16
NNS VVZ ,0.6976492914,2,0.6976492914,0.6976492914,0.0
VVD JJ JJ ,0.6629319944,3,0.6142312222,0.6975421123,0.03544089921982931
NP NNS CC NP NNS ,0.6969584180999999,20,0.6969584181,0.6969584181,1.1102230246251565e-16
VVG JJ NN JJ NN ,0.6951862325000001,178,0.6951862325,0.6951862325,1.1102230246251565e-16
JJ NN NN NN VVG ,0.6600246628941177,17,0.6101673656,0.694924771,0.04171360767701381
VVG JJ NN NNS ,0.6948053504000001,11,0.6948053504,0.6948053504,1.1102230246251565e-16
NP NP NP NP CD ,0.6945085991,1,0.6945085991,0.6945085991,0.0
NP NN NN NP CD ,0.6945085991000001,25,0.6945085991,0.6945085991,1.1102230246251565e-16
SYM SYM SYM SYM SYM SYM ,0.6942833397,51,0.6942833397,0.6942833397,0.0
JJ JJ NN NN NN ,0.6672121383141305,92,0.6066615084,0.6936514687,0.0343744892621767
NN VVP NNS ,0.6923448429,5,0.6923448429,0.6923448429,0.0
NP NP NP NP NP ,0.6917059271,1,0.6917059271,0.6917059271,0.0
JJR NN VVG ,0.6913668448,1,0.6913668448,0.6913668448,0.0
JJR VVG NN ,0.6320940926095238,42,0.6160338273,0.6913668448,0.013582897124203033
NP NN RB VVZ ,0.6910668863,17,0.6910668863,0.6910668863,0.0
NP NP NN CD ,0.6773587659800002,55,0.6257615955,0.6902580586,0.025798585240000005
NP VVD VVG ,0.6900402304999999,27,0.6900402305,0.6900402305,1.1102230246251565e-16
JJ VVP JJ NN ,0.6896519119,8,0.6896519119,0.6896519119,0.0
NP JJ NN NN NN ,0.6873048189200001,10,0.6871859136,0.6883749668,0.0003567159599999869
NN NNS IN VVG ,0.6301605855405661,106,0.6093431605,0.6883732583,0.030437537196845256
NP VVZ NN ,0.6873935804,2,0.6873935804,0.6873935804,0.0
NN NN NN VVG NN ,0.6738562462352942,51,0.6347779674,0.6872251311,0.02285679352971278
NP NN NN NN NN ,0.6871859136,1,0.6871859136,0.6871859136,0.0
VVP NN VVG NN ,0.6846475888,1,0.6846475888,0.6846475888,0.0
RB VVN IN NP ,0.6844901409999999,15,0.684490141,0.684490141,1.1102230246251565e-16
RB VVN IN NN ,0.684490141,1,0.684490141,0.684490141,0.0
NN NNS NN NN NN ,0.6842145627,10,0.6842145627,0.6842145627,0.0
JJ NN VVN NNS ,0.6825808696000001,21,0.6825808696,0.6825808696,1.1102230246251565e-16
JJ NN VVD ,0.6514706438615385,13,0.6161040348,0.6817848802,0.0327431175299704
VVP NN NN NN ,0.67149083158,5,0.6315101619,0.681485999,0.01999033483999999
NP JJ NN CD ,0.6804010942000001,38,0.6804010942,0.6804010942,1.1102230246251565e-16
JJ JJ NN NN NN NN ,0.6461819913903226,31,0.6335046242,0.6793334101,0.017199742796235203
JJ NN VVD NN ,0.6792297824,20,0.6792297824,0.6792297824,0.0
NN NN RB ,0.6489987775730769,26,0.6052296569,0.6788742964,0.03489265538487206
JJR JJ NN ,0.6287414257842106,57,0.6160338273,0.678813015,0.02312259667251169
NN JJ NN IN NN ,0.6780858316,4,0.6780858316,0.6780858316,0.0
JJ JJ NN IN NN ,0.6780858316,9,0.6780858316,0.6780858316,0.0
VVP JJ NN IN NN ,0.6780858316,2,0.6780858316,0.6780858316,0.0
NN NNS IN JJ NN ,0.6778742672999998,46,0.6778742673,0.6778742673,2.220446049250313e-16
NN VVZ VV ,0.6772512532,8,0.6772512532,0.6772512532,0.0
JJ JJ VVN ,0.6770226487,4,0.6770226487,0.6770226487,0.0
VV JJ VVG NNS ,0.6767782362,13,0.6767782362,0.6767782362,0.0
NNS NN NN NN ,0.6764684103999998,27,0.6764684104,0.6764684104,2.220446049250313e-16
JJ NN NN NN NN NN ,0.6151849265294117,17,0.6115973344,0.6725864006,0.01435036851764706
JJ JJ NP NN ,0.6721658051999999,45,0.6721658052,0.6721658052,1.1102230246251565e-16
VVN NN JJ ,0.671554521,2,0.671554521,0.671554521,0.0
VV NN JJ NN ,0.6710015236,17,0.6710015236,0.6710015236,0.0
NP RB NP ,0.6699076257,9,0.6699076257,0.6699076257,0.0
JJ VVG JJ NNS ,0.6695691796,11,0.6695691796,0.6695691796,0.0
NN VVG JJ NNS ,0.6042563600408164,49,0.6028956763,0.6695691796,0.009427093488507034
JJ JJ JJ NNS ,0.621302613,32,0.6055975211,0.6695691796,0.01405781386235979
JJ NN IN NN ,0.6654056446353982,339,0.6180660942,0.6695023365,0.013926074505854156
JJ NN IN NP ,0.6695023365,1,0.6695023365,0.6695023365,0.0
CD NN ,0.6686396312999999,22,0.6686396313,0.6686396313,1.1102230246251565e-16
JJR NN NN NN ,0.6685282333000002,37,0.6685282333,0.6685282333,2.220446049250313e-16
VV NN NN NN ,0.6435087352273615,307,0.6434273259,0.6684199894,0.0014240816149109741
JJ JJ NN VVG NN ,0.6679099870000004,30,0.667909987,0.667909987,3.3306690738754696e-16
VVD JJ NN VVG NN ,0.667909987,2,0.667909987,0.667909987,0.0
JJ NN JJ NNS ,0.6459768487785713,28,0.6095851921,0.6675703294,0.020720018914964004
NP NP NP NP NP NP ,0.6670686821,17,0.6670686821,0.6670686821,0.0
NP NP NP NP NP NN ,0.6670686821,1,0.6670686821,0.6670686821,0.0
VV NN VVG JJ NNS ,0.666611183,24,0.666611183,0.666611183,0.0
VVG NN JJ NN ,0.6659959162,1,0.6659959162,0.6659959162,0.0
JJ NN NN VVG NN ,0.6647728416999998,30,0.6647728417,0.6647728417,1.1102230246251565e-16
VV RBR ,0.6644806646,11,0.6644806646,0.6644806646,0.0
VVN NN NN VVZ ,0.6643983957,2,0.6643983957,0.6643983957,0.0
VVN NN NN NNS ,0.6643983957,8,0.6643983957,0.6643983957,0.0
VVD NN NN NNS ,0.6643983957,1,0.6643983957,0.6643983957,0.0
NP JJ NN NN ,0.6642347054,1,0.6642347054,0.6642347054,0.0
JJ NPS ,0.6635225208000001,18,0.6635225208,0.6635225208,1.1102230246251565e-16
VVG NN NN NN CD ,0.642420452182979,47,0.6281044649,0.6635176966,0.01737894941531191
NN NN NN NN CD ,0.6356821498036697,109,0.6344249995,0.6635176966,0.003987640582246744
VVD VVN NN ,0.6634949784,1,0.6634949784,0.6634949784,0.0
NN VVN JJ ,0.6634949784,1,0.6634949784,0.6634949784,0.0
NP NN NN NN NN JJ ,0.6631943298,1,0.6631943298,0.6631943298,0.0
NP NN VVP ,0.6620912016,1,0.6620912016,0.6620912016,0.0
JJ NN JJ JJ ,0.6617184568,3,0.6617184568,0.6617184568,0.0
VV VVG JJ ,0.6612191979,1,0.6612191979,0.6612191979,0.0
NN JJ NP NN ,0.64944325464,15,0.6062446568,0.6602429041,0.02159929892000001
VV NN IN JJ ,0.6591739798000001,12,0.6591739798,0.6591739798,1.1102230246251565e-16
JJ JJ NN NP ,0.6588244538999999,18,0.6588244539,0.6588244539,1.1102230246251565e-16
JJ NN VV NP ,0.6588244539,1,0.6588244539,0.6588244539,0.0
JJ NN NN NN NN NNS ,0.6581084842,5,0.6581084842,0.6581084842,0.0
NN NN NN NN VVP NNS ,0.6581084842,5,0.6581084842,0.6581084842,0.0
VVG NN CD ,0.6204187211911762,238,0.6011435622,0.6581031751,0.0193084856556071
VVN IN VVN NNS ,0.6552632846,25,0.6552632846,0.6552632846,0.0
NN NN NN CD ,0.6222163577761904,147,0.6007847412,0.6548310356,0.017388991910525876
VVD IN VVG NN NNS ,0.6536714442,24,0.6536714442,0.6536714442,0.0
VVZ RB JJ NNS ,0.6534815910999999,25,0.6534815911,0.6534815911,1.1102230246251565e-16
NN NN NN NN NN CD ,0.6442273535358972,39,0.6354392849,0.6534779521,0.009016368177069292
NN NN VVP CD ,0.6533285658,2,0.6533285658,0.6533285658,0.0
VV NN NN CD ,0.6533285658,6,0.6533285658,0.6533285658,0.0
NN NN NN RB ,0.6533285658,1,0.6533285658,0.6533285658,0.0
NN NN CD ,0.6243223672201835,545,0.6004434505,0.6518174689,0.013504709454147302
JJ JJ NN CD ,0.6515174339999998,14,0.651517434,0.651517434,1.1102230246251565e-16
JJ NNS IN NN ,0.6514073967,10,0.6514073967,0.6514073967,0.0
JJ NP NN NN NN NN ,0.6509356257000001,29,0.6509356257,0.6509356257,1.1102230246251565e-16
NP NP JJ NN NN NN ,0.6509356257,1,0.6509356257,0.6509356257,0.0
NN NN VVZ CD ,0.6508384683,10,0.6508384683,0.6508384683,0.0
NN NN NN VVG ,0.6499572295,12,0.6499572295,0.6499572295,0.0
JJ NN CD ,0.6293026366530488,328,0.6070527742,0.6497488663,0.01984859226875034
NN VVP CD ,0.6364167665,3,0.6097525669,0.6497488663,0.018854436352071596
JJ VVP CD ,0.64174960642,5,0.6097525669,0.6497488663,0.015998519759999972
NNS IN JJ NN ,0.6495247965,36,0.6495247965,0.6495247965,0.0
NN VVG NN NP ,0.6491482447,1,0.6491482447,0.6491482447,0.0
JJ NN NNS NP CC NP ,0.6488189605,11,0.6488189605,0.6488189605,0.0
JJ NN NNS NP CC JJ ,0.6488189605,1,0.6488189605,0.6488189605,0.0
VVN NN VVP ,0.6487031603,1,0.6487031603,0.6487031603,0.0
RB CC RB VV ,0.6479213742999999,52,0.6479213743,0.6479213743,1.1102230246251565e-16
VVD IN ,0.6475612279,1,0.6475612279,0.6475612279,0.0
NP NN VVZ CD ,0.647470632,12,0.647470632,0.647470632,0.0
VVG NN NN CD ,0.613459956784746,59,0.6010435621,0.6468290175,0.02035493620967262
NP IN NP NP ,0.6440820200999999,9,0.6438155253,0.6462139785,0.0007537611209238058
NP IN NN NNS ,0.6462139785,1,0.6462139785,0.6462139785,0.0
NN NNS CC NN NNS ,0.6454849491,11,0.6454849491,0.6454849491,0.0
VVG VVG NNS ,0.6452524958,4,0.6452524958,0.6452524958,0.0
JJ CC JJ NNS ,0.6448456837,12,0.6448456837,0.6448456837,0.0
RB VVG VVG NN ,0.6446101253,13,0.6446101253,0.6446101253,0.0
NN NNS VV NN ,0.6333335984545455,11,0.6142823667,0.6442200166,0.014401377540566817
VVN JJ JJ NN ,0.6440941785000001,36,0.6440941785,0.6440941785,1.1102230246251565e-16
VVN JJ JJ NNS ,0.6440941785,6,0.6440941785,0.6440941785,0.0
NN NN VVD JJ NNS ,0.6438482261000001,243,0.6438482261,0.6438482261,1.1102230246251565e-16
NP IN NP NN ,0.6438155253,4,0.6438155253,0.6438155253,0.0
NP NN CD ,0.6383872986122807,171,0.6185258699,0.6433782425,0.007069588753263538
NP NNS IN VVG ,0.6425463789,1,0.6425463789,0.6425463789,0.0
JJ NN NN RB VVG ,0.6420990307,14,0.6420990307,0.6420990307,0.0
RB VVD JJ ,0.6420688676,3,0.6420688676,0.6420688676,0.0
VVN IN VVG ,0.6305647741210527,57,0.6208206023,0.6412313973,0.010119607806661459
VV JJ NN NNS ,0.6411715244,13,0.6411715244,0.6411715244,0.0
VVP JJ NN NNS ,0.6411715244,2,0.6411715244,0.6411715244,0.0
VVN IN NP ,0.6398678912999999,14,0.6398678913,0.6398678913,1.1102230246251565e-16
NNS IN NP NN ,0.6398245136000001,47,0.6398245136,0.6398245136,1.1102230246251565e-16
NN NN NNS CD ,0.6375193832,40,0.6375193832,0.6375193832,0.0
NN NN NNS RB ,0.6375193832,1,0.6375193832,0.6375193832,0.0
JJ NN NN VVZ ,0.6341057951666668,6,0.6171867605,0.6374896021,0.007566422325668456
VVZ NN NN VVZ ,0.6374896021,5,0.6374896021,0.6374896021,0.0
JJ CC JJ NN ,0.6301169933342105,38,0.6129966319,0.6370919554,0.010927665421132885
VVG CC VVG NN ,0.6367352287000001,36,0.6367352287,0.6367352287,1.1102230246251565e-16
NP CC VVG NN ,0.6367352287,1,0.6367352287,0.6367352287,0.0
NN NN JJ VVG NN CD ,0.6365996364999998,11,0.6365996365,0.6365996365,1.1102230246251565e-16
JJ NN NN VVG NN CD ,0.6358488958999999,11,0.6358488959,0.6358488959,1.1102230246251565e-16
NN NNS VVD ,0.6356783562,6,0.6356783562,0.6356783562,0.0
NN NNS VVN ,0.6305977470481481,27,0.6160817209,0.6356783562,0.008587796882600463
NN IN VVG NN NNS ,0.6350526121,16,0.6350526121,0.6350526121,0.0
NN NNS VVD JJ NN ,0.6344316392999999,12,0.6344316393,0.6344316393,1.1102230246251565e-16
NN VVZ JJ JJ NN ,0.6344316393,26,0.6344316393,0.6344316393,0.0
RB VV CC VV ,0.6344216664,18,0.6344216664,0.6344216664,0.0
JJ JJ NN IN NN NN ,0.634329031,10,0.634329031,0.634329031,0.0
VVP NP NN ,0.6337427016,8,0.6337427016,0.6337427016,0.0
VV NP NN ,0.6297177010666667,15,0.6277052008,0.6337427016,0.002846105171399463
JJ NN CC JJ NN NN ,0.6335764132999999,28,0.6335764133,0.6335764133,1.1102230246251565e-16
SYM SYM SYM SYM ,0.6335063522000001,56,0.6335063522,0.6335063522,1.1102230246251565e-16
VV JJ CC JJ NN NNS ,0.6330396182999999,14,0.6330396183,0.6330396183,1.1102230246251565e-16
NN NN CC NN JJ ,0.6317454716000002,21,0.6317454716,0.6317454716,1.1102230246251565e-16
VV JJ NN NNS VVN ,0.6315560288000001,10,0.6315560288,0.6315560288,1.1102230246251565e-16
VVP JJ NN NNS VVN ,0.6315560288,2,0.6315560288,0.6315560288,0.0
VV JJ NN NNS VVD ,0.6315560288,1,0.6315560288,0.6315560288,0.0
RBR VVZ ,0.6308815678,4,0.6308815678,0.6308815678,0.0
RB JJ VVG NN RB ,0.63059292,4,0.63059292,0.63059292,0.0
RB JJ VVG NN CD ,0.63059292,8,0.63059292,0.63059292,0.0
RBR VVG NN ,0.6246956725,8,0.6160338273,0.6301240363,0.0067193925686306975
VVN IN VVG JJ NN ,0.6296757532,10,0.6296757532,0.6296757532,0.0
JJ NN IN JJ NN ,0.6293607287,14,0.6293607287,0.6293607287,0.0
NP TO NP NN ,0.6289300204000001,14,0.6289300204,0.6289300204,1.1102230246251565e-16
VVG NP NN NNS ,0.6280496681,10,0.6280496681,0.6280496681,0.0
JJS JJ VVN NN ,0.6276942962,16,0.6276942962,0.6276942962,0.0
NN VV JJ NNS CD ,0.6275509485999999,10,0.6275509486,0.6275509486,1.1102230246251565e-16
NN VV JJ NNS RB ,0.6275509486,1,0.6275509486,0.6275509486,0.0
RB RB VVN ,0.6272403516999999,15,0.6272403517,0.6272403517,1.1102230246251565e-16
NNS JJ CC JJ ,0.6156092402217392,23,0.6049676867,0.6272182077,0.011114740156748704
JJ RB VVN JJ NN ,0.626087985,10,0.626087985,0.626087985,0.0
NP RB VVD JJ NN ,0.626087985,1,0.626087985,0.626087985,0.0
NN VVG NN CD ,0.6256787543,11,0.6256787543,0.6256787543,0.0
VV NN NNS NN ,0.6249928286,14,0.6249928286,0.6249928286,0.0
VVP NN NNS NN ,0.6249928286,1,0.6249928286,0.6249928286,0.0
NNS JJ IN NN ,0.6246893389999999,30,0.624689339,0.624689339,1.1102230246251565e-16
NN NP NP NN CD ,0.6240668993999999,11,0.6240668994,0.6240668994,1.1102230246251565e-16
NP NP CD ,0.6173762647755321,94,0.606232464,0.6235729665,0.005276491816462908
JJ NN VVZ NN ,0.6072604931767441,86,0.6032958447,0.6233523017,0.007987387817665136
JJ NN VVZ VV ,0.6233523017,1,0.6233523017,0.6233523017,0.0
NN VVG VVG ,0.6218884343,34,0.6218884343,0.6218884343,0.0
NP VVG VVG ,0.6218884343,2,0.6218884343,0.6218884343,0.0
NN NN NN JJ NN ,0.621368282,16,0.621368282,0.621368282,0.0
JJ NN IN JJ NNS VVP ,0.62117866,13,0.62117866,0.62117866,0.0
VVZ NNS IN NNS ,0.6209991375,11,0.6209991375,0.6209991375,0.0
NN CC NN NN ,0.6165144147574466,47,0.6079751244,0.620137144,0.005561972391928503
NN CC NN NNS ,0.6201184948999999,14,0.6201184949,0.6201184949,1.1102230246251565e-16
VVG NN VVG ,0.6197869602,8,0.6197869602,0.6197869602,0.0
NNS NN NN NN CD VVZ ,0.6192412034999999,12,0.6192412035,0.6192412035,1.1102230246251565e-16
RBR JJ NN ,0.6175544322,2,0.6160338273,0.6190750371,0.0015206049
JJ NN NN CD ,0.6103320951153847,13,0.6096041632,0.6190672781,0.0025216301237941546
JJ NN NP NP ,0.6189190106,8,0.6189190106,0.6189190106,0.0
VVG CC VVG NNS ,0.6188212628999998,26,0.6188212629,0.6188212629,1.1102230246251565e-16
NN NN NN VVZ ,0.6171867604999999,25,0.6171867605,0.6171867605,1.1102230246251565e-16
NN NN CD NNS NN VVG ,0.6171028750999998,10,0.6171028751,0.6171028751,1.1102230246251565e-16
VV JJ JJ NN ,0.6164545911,10,0.6164545911,0.6164545911,0.0
JJ JJ VVG ,0.6161804551,34,0.6161804551,0.6161804551,0.0
JJ NNS VVN ,0.6160817209,24,0.6160817209,0.6160817209,0.0
NNS IN JJ NNS ,0.6158559824,28,0.6158559824,0.6158559824,0.0
NN NNS IN NN ,0.6155267495,9,0.6155267495,0.6155267495,0.0
NP NN IN VVG NN NN ,0.6141992954999999,12,0.6141992955,0.6141992955,1.1102230246251565e-16
JJ JJ VVG NN ,0.6123693271999999,28,0.6123693272,0.6123693272,1.1102230246251565e-16
NN JJ NN CD ,0.6119533325999998,14,0.6119533326,0.6119533326,1.1102230246251565e-16
NN NN NN VVD ,0.6119533212,5,0.6119533212,0.6119533212,0.0
NN NN NN VVN ,0.6119533212,6,0.6119533212,0.6119533212,0.0
JJ CD ,0.6118637009999999,66,0.611863701,0.611863701,1.1102230246251565e-16
NP NN CC NP NN ,0.6102793498,14,0.6102793498,0.6102793498,0.0
NP NN CC NP JJ ,0.6102793498,5,0.6102793498,0.6102793498,0.0
NP NN NN NN VVG ,0.6101673656,4,0.6101673656,0.6101673656,0.0
NNS VV NN ,0.6100347989,7,0.6100347989,0.6100347989,0.0
JJ NN JJ NP ,0.6095851921,5,0.6095851921,0.6095851921,0.0
NN IN NP NNS ,0.6090665504999999,12,0.6090665505,0.6090665505,1.1102230246251565e-16
NN IN JJ NNS ,0.6090665505,1,0.6090665505,0.6090665505,0.0
NN NNS CD ,0.6083714692,24,0.6083714692,0.6083714692,0.0
NN NNS RB ,0.6083714692,2,0.6083714692,0.6083714692,0.0
VVN IN NN NNS ,0.608165841,11,0.608165841,0.608165841,0.0
VVZ VVN ,0.6080272225,3,0.6080272225,0.6080272225,0.0
NNS VVG NNS ,0.6078505742,9,0.6078505742,0.6078505742,0.0
NN NN CD NN ,0.6078006395999999,13,0.6078006396,0.6078006396,1.1102230246251565e-16
NN NN CD JJ ,0.6078006396,3,0.6078006396,0.6078006396,0.0
NN JJ CD JJ ,0.6078006395999999,7,0.6078006396,0.6078006396,1.1102230246251565e-16
NN CC JJ NN ,0.6077601968999999,15,0.6077601969,0.6077601969,1.1102230246251565e-16
VV CD ,0.607252743,10,0.607252743,0.607252743,0.0
IN JJ ,0.6072309026,4,0.6072309026,0.6072309026,0.0
JJ NN CC JJ NN ,0.6066595619,10,0.6066595619,0.6066595619,0.0
RB JJ NN NN ,0.6065902542,16,0.6065902542,0.6065902542,0.0
NN NN NP JJ ,0.6062446568,1,0.6062446568,0.6062446568,0.0
NN NN NP NP ,0.6062446568,8,0.6062446568,0.6062446568,0.0
JJ NP CD ,0.6062324640000002,45,0.606232464,0.606232464,2.220446049250313e-16
JJ NN IN NN NNS ,0.6060404591,17,0.6060404591,0.6060404591,0.0
VVG NN NNS IN VVG ,0.6059889577,52,0.6059889577,0.6059889577,0.0
VV JJ NN TO RB VV ,0.6059836651,10,0.6059836651,0.6059836651,0.0
NN NN JJ NN NN ,0.6052232614,10,0.6052232614,0.6052232614,0.0
NP NN JJ NN NN ,0.6052232614,1,0.6052232614,0.6052232614,0.0
VVN NP CC NP ,0.6048907013,34,0.6048907013,0.6048907013,0.0
JJ NNS CC JJ NN NNS ,0.6048065046,17,0.6048065046,0.6048065046,0.0
JJ NNS CC JJ VVG NNS ,0.6048065046,1,0.6048065046,0.6048065046,0.0
VVN NN CC NN NN ,0.6043249779,26,0.6043249779,0.6043249779,0.0
NN NN VVP NNS ,0.6043050669,4,0.6043050669,0.6043050669,0.0
NN NNS JJ NN ,0.6038021335,5,0.6038021335,0.6038021335,0.0
VVG NNS JJ NN ,0.6038021335,4,0.6038021335,0.6038021335,0.0
JJ NNS JJ NN ,0.6038021335000001,26,0.6038021335,0.6038021335,1.1102230246251565e-16
VVG NN NN VVP ,0.603325939,1,0.603325939,0.603325939,0.0
SYM SYM SYM ,0.6033188055999997,61,0.6033188056,0.6033188056,2.220446049250313e-16
NP CC NN NN ,0.6031655133,49,0.6031655133,0.6031655133,0.0
NNS CD ,0.6023416802,19,0.6023416802,0.6023416802,0.0
NNS CC VVN NNS ,0.6021115728,14,0.6021115728,0.6021115728,0.0
NN IN NNS JJ ,0.6019359237,10,0.6019359237,0.6019359237,0.0
VVG NN NN LS ,0.6010435621,1,0.6010435621,0.6010435621,0.0
JJ NNS IN NN NNS ,0.6009950087999998,31,0.6009950088,0.6009950088,2.220446049250313e-16
NN NN IN VVG NP NN ,0.6009071625000001,12,0.6009071625,0.6009071625,1.1102230246251565e-16
NN NN NN VVZ CD ,0.6001928952,10,0.6001928952,0.6001928952,0.0
JJ JJR NN ,0.6000145518,1,0.6000145518,0.6000145518,0.0
